title;extra_title;extra_price
Fortnite;Fortnite: набор «Ледяные круги»;Бесплатно
Fortnite;FN: набор «Секретная связь»;3.99
Fortnite;Fortnite: 1000 В-баксов;7.99
Fortnite;Fortnite: 2 800 В-баксов;19.99
Fortnite;Fortnite: 5 000 В-баксов;31.99
Fortnite;Fortnite: набор «Золотые руки»;11.99
Fortnite;Fortnite: 13 500 В-баксов;79.99
Fortnite;Fortnite: набор «Легенды аниме»;19.99
Комплект «Grand Theft Auto V: Premium Edition и платежная карта «Мегалодон»;Платежная карта «Белая акула»;19.99
Комплект «Grand Theft Auto V: Premium Edition и платежная карта «Мегалодон»;Плат. карта «Тигровая акула»;4.99
Комплект «Grand Theft Auto V: Premium Edition и платежная карта «Мегалодон»;Платежная карта «Акула-бык»;9.99
Комплект «Grand Theft Auto V: Premium Edition и платежная карта «Мегалодон»;Платежная карта «Акула-кит»;49.99
Комплект «Grand Theft Auto V: Premium Edition и платежная карта «Мегалодон»;стартовый набор «Преступная организация»;9.99
Комплект «Grand Theft Auto V: Premium Edition и платежная карта «Мегалодон»;Платежная карта «Мегалодон»;84.99
Комплект «Grand Theft Auto V: Premium Edition и платежная карта «Мегалодон»;Комплект: стартовый набор «Преступная организация» и карта «Белая акула»;9.99
Комплект «Grand Theft Auto V: Premium Edition и платежная карта «Мегалодон»;Комплект: стартовый набор «Преступная организация» и карта «Акула-кит»;54.99
Комплект «Grand Theft Auto V: Premium Edition и платежная карта «Мегалодон»;Комплект: стартовый набор «Преступная организация» и карта «Мегалодон»;104.99
